,Fecha,Producto,Cantidad,Precio Unitario,Total Venta,Mes
0,2023-01-17,Electrónic,7,200.0,1400.0,1
1,2023-09-01,Electrónic,8,200.0,1600.0,9
2,2023-07-29,Juguetes,3,30.0,90.0,7
3,2023-10-04,Alimentos,4,10.0,40.0,10
4,2023-02-28,Electrónic,6,200.0,1200.0,2
5,2023-03-11,Ropa,9,50.0,450.0,3
6,2023-11-03,Juguetes,4,30.0,120.0,11
7,2023-11-08,Ropa,9,50.0,450.0,11
8,2023-03-22,Ropa,10,50.0,500.0,3
9,2023-09-29,Ropa,1,50.0,50.0,9
10,2023-09-12,Alimentos,2,10.0,20.0,9
11,2023-01-25,Juguetes,3,30.0,90.0,1
12,2023-11-21,Alimentos,3,10.0,30.0,11
13,2023-05-27,Alimentos,2,10.0,20.0,5
14,2023-01-19,Juguetes,10,30.0,300.0,1
15,2023-12-05,Libros,4,20.0,80.0,12
16,2023-06-05,Alimentos,6,10.0,60.0,6
17,2023-05-19,Libros,10,20.0,200.0,5
18,2023-01-20,Alimentos,9,10.0,90.0,1
19,2023-06-18,Electrónic,9,200.0,1800.0,6
20,2023-11-21,Alimentos,1,10.0,10.0,11
21,2023-05-01,Electrónic,10,200.0,2000.0,5
22,2023-02-10,Juguetes,1,30.0,30.0,2
23,2023-07-27,Libros,3,20.0,60.0,7
24,2023-09-13,Alimentos,8,10.0,80.0,9
25,2023-09-11,Juguetes,6,30.0,180.0,9
26,2023-12-10,Libros,1,20.0,20.0,12
27,2023-07-23,Libros,1,20.0,20.0,7
28,2023-01-17,Libros,9,20.0,180.0,1
29,2023-05-19,Ropa,10,50.0,500.0,5
30,2023-05-09,Juguetes,8,30.0,240.0,5
31,2023-02-21,Juguetes,8,30.0,240.0,2
32,2023-06-01,Alimentos,1,10.0,10.0,6
33,2023-04-02,Ropa,6,50.0,300.0,4
34,2023-08-21,Libros,3,20.0,60.0,8
35,2023-09-12,Juguetes,1,30.0,30.0,9
36,2023-02-17,Libros,6,20.0,120.0,2
37,2023-11-19,Electrónic,4,200.0,800.0,11
38,2023-06-28,Electrónic,8,200.0,1600.0,6
39,2023-03-20,Juguetes,2,30.0,60.0,3
40,2023-06-01,Juguetes,4,30.0,120.0,6
41,2023-11-19,Electrónic,10,200.0,2000.0,11
42,2023-10-18,Ropa,4,50.0,200.0,10
43,2023-04-11,Alimentos,6,10.0,60.0,4
44,2023-10-20,Alimentos,4,10.0,40.0,10
45,2023-11-20,Juguetes,8,30.0,240.0,11
46,2023-05-04,Alimentos,6,10.0,60.0,5
47,2023-08-08,Electrónic,10,200.0,2000.0,8
48,2023-01-07,Libros,4,20.0,80.0,1
49,2023-12-05,Electrónic,1,200.0,200.0,12
50,2023-03-18,Libros,7,20.0,140.0,3
51,2023-06-07,Electrónic,2,200.0,400.0,6
52,2023-05-17,Juguetes,6,30.0,180.0,5
53,2023-08-20,Libros,4,20.0,80.0,8
54,2023-06-01,Ropa,4,50.0,200.0,6
55,2023-12-23,Ropa,5,50.0,250.0,12
56,2023-11-11,Alimentos,1,10.0,10.0,11
57,2023-09-28,Libros,8,20.0,160.0,9
58,2023-08-04,Alimentos,9,10.0,90.0,8
59,2023-02-14,Libros,4,20.0,80.0,2
60,2023-08-12,Juguetes,6,30.0,180.0,8
61,2023-10-09,Juguetes,6,30.0,180.0,10
62,2023-11-08,Libros,5,20.0,100.0,11
63,2023-08-24,Ropa,3,50.0,150.0,8
64,2023-10-17,Juguetes,9,30.0,270.0,10
65,2023-07-26,Libros,10,20.0,200.0,7
66,2023-08-13,Electrónic,10,200.0,2000.0,8
67,2023-10-18,Libros,3,20.0,60.0,10
68,2023-08-18,Libros,8,20.0,160.0,8
69,2023-09-17,Electrónic,6,200.0,1200.0,9
70,2023-10-14,Ropa,9,50.0,450.0,10
71,2023-11-07,Ropa,7,50.0,350.0,11
72,2023-03-06,Juguetes,2,30.0,60.0,3
73,2023-07-31,Ropa,2,50.0,100.0,7
74,2023-06-28,Libros,8,20.0,160.0,6
75,2023-01-12,Electrónic,4,200.0,800.0,1
76,2023-09-15,Juguetes,6,30.0,180.0,9
77,2023-12-03,Ropa,6,50.0,300.0,12
78,2023-06-15,Electrónic,5,200.0,1000.0,6
79,2023-12-09,Electrónic,4,200.0,800.0,12
80,2023-05-03,Alimentos,8,10.0,80.0,5
81,2023-07-02,Juguetes,4,30.0,120.0,7
82,2023-12-18,Libros,5,20.0,100.0,12
83,2023-08-06,Electrónic,6,200.0,1200.0,8
84,2023-06-15,Alimentos,10,10.0,100.0,6
85,2023-08-25,Juguetes,1,30.0,30.0,8
86,2023-08-11,Juguetes,1,30.0,30.0,8
87,2023-01-30,Electrónic,10,200.0,2000.0,1
88,2023-06-05,Electrónic,6,200.0,1200.0,6
89,2023-06-12,Electrónic,1,200.0,200.0,6
90,2023-04-26,Electrónic,7,200.0,1400.0,4
91,2023-07-09,Ropa,7,50.0,350.0,7
92,2023-07-30,Ropa,5,50.0,250.0,7
93,2023-10-19,Libros,5,20.0,100.0,10
94,2023-11-09,Juguetes,7,30.0,210.0,11
95,2023-11-13,Electrónic,9,200.0,1800.0,11
96,2023-07-14,Electrónic,8,200.0,1600.0,7
97,2023-01-02,Electrónic,5,200.0,1000.0,1
98,2023-05-20,Juguetes,3,30.0,90.0,5
99,2023-01-05,Alimentos,8,10.0,80.0,1
100,2023-01-02,Libros,10,20.0,200.0,1
101,2023-12-24,Ropa,8,50.0,400.0,12
102,2023-02-24,Juguetes,1,30.0,30.0,2
103,2023-08-12,Libros,2,20.0,40.0,8
104,2023-01-21,Ropa,3,50.0,150.0,1
105,2023-01-09,Alimentos,9,10.0,90.0,1
106,2023-07-30,Juguetes,1,30.0,30.0,7
107,2023-07-20,Electrónic,9,200.0,1800.0,7
108,2023-03-05,Alimentos,2,10.0,20.0,3
109,2023-08-09,Juguetes,2,30.0,60.0,8
110,2023-12-11,Alimentos,6,10.0,60.0,12
111,2023-05-22,Libros,1,20.0,20.0,5
112,2023-07-22,Electrónic,5,200.0,1000.0,7
113,2023-06-03,Libros,1,20.0,20.0,6
114,2023-09-02,Juguetes,5,30.0,150.0,9
115,2023-08-12,Alimentos,10,10.0,100.0,8
116,2023-07-14,Ropa,10,50.0,500.0,7
117,2023-10-12,Alimentos,3,10.0,30.0,10
118,2023-05-25,Libros,9,20.0,180.0,5
119,2023-09-15,Libros,3,20.0,60.0,9
120,2023-01-18,Ropa,10,50.0,500.0,1
121,2023-01-25,Ropa,10,50.0,500.0,1
122,2023-09-07,Electrónic,7,200.0,1400.0,9
123,2023-02-07,Electrónic,4,200.0,800.0,2
124,2023-10-26,Ropa,3,50.0,150.0,10
125,2023-04-14,Libros,8,20.0,160.0,4
126,2023-03-05,Alimentos,5,10.0,50.0,3
127,2023-12-15,Juguetes,7,30.0,210.0,12
128,2023-09-14,Juguetes,3,30.0,90.0,9
129,2023-10-12,Juguetes,1,30.0,30.0,10
130,2023-07-18,Alimentos,7,10.0,70.0,7
131,2023-07-27,Juguetes,2,30.0,60.0,7
132,2023-05-25,Electrónic,6,200.0,1200.0,5
133,2023-10-03,Electrónic,6,200.0,1200.0,10
134,2023-11-27,Libros,3,20.0,60.0,11
135,2023-06-24,Libros,10,20.0,200.0,6
136,2023-03-05,Juguetes,3,30.0,90.0,3
137,2023-06-29,Ropa,3,50.0,150.0,6
138,2023-02-24,Libros,4,20.0,80.0,2
139,2023-01-30,Electrónic,3,200.0,600.0,1
140,2023-10-04,Juguetes,2,30.0,60.0,10
141,2023-10-06,Ropa,3,50.0,150.0,10
142,2023-06-24,Electrónic,7,200.0,1400.0,6
143,2023-04-20,Ropa,7,50.0,350.0,4
144,2023-03-10,Electrónic,2,200.0,400.0,3
145,2023-01-05,Ropa,3,50.0,150.0,1
146,2023-05-29,Juguetes,7,30.0,210.0,5
147,2023-08-08,Juguetes,1,30.0,30.0,8
148,2023-08-09,Juguetes,9,30.0,270.0,8
149,2023-12-18,Ropa,1,50.0,50.0,12
150,2023-09-17,Alimentos,7,10.0,70.0,9
151,2023-02-05,Alimentos,5,10.0,50.0,2
152,2023-10-24,Alimentos,7,10.0,70.0,10
153,2023-10-17,Electrónic,3,200.0,600.0,10
154,2023-12-28,Ropa,5,50.0,250.0,12
155,2023-11-05,Electrónic,7,200.0,1400.0,11
156,2023-07-08,Juguetes,5,30.0,150.0,7
157,2023-01-31,Ropa,1,50.0,50.0,1
158,2023-07-17,Alimentos,5,10.0,50.0,7
159,2023-08-13,Alimentos,7,10.0,70.0,8
160,2023-10-05,Juguetes,4,30.0,120.0,10
161,2023-10-08,Ropa,8,50.0,400.0,10
162,2023-07-13,Juguetes,2,30.0,60.0,7
163,2023-01-14,Alimentos,10,10.0,100.0,1
164,2023-03-19,Electrónic,6,200.0,1200.0,3
165,2023-06-01,Alimentos,2,10.0,20.0,6
166,2023-03-17,Ropa,1,50.0,50.0,3
167,2023-01-10,Juguetes,5,30.0,150.0,1
168,2023-11-21,Juguetes,9,30.0,270.0,11
169,2023-12-14,Juguetes,1,30.0,30.0,12
170,2023-05-19,Libros,8,20.0,160.0,5
171,2023-02-26,Electrónic,4,200.0,800.0,2
172,2023-06-09,Libros,2,20.0,40.0,6
173,2023-01-07,Libros,2,20.0,40.0,1
174,2023-10-04,Libros,1,20.0,20.0,10
175,2023-04-15,Alimentos,10,10.0,100.0,4
176,2023-10-02,Juguetes,10,30.0,300.0,10
177,2023-07-01,Alimentos,8,10.0,80.0,7
178,2023-12-27,Ropa,8,50.0,400.0,12
179,2023-10-24,Ropa,10,50.0,500.0,10
180,2023-01-22,Electrónic,4,200.0,800.0,1
181,2023-02-03,Alimentos,4,10.0,40.0,2
182,2023-09-23,Libros,8,20.0,160.0,9
183,2023-05-28,Juguetes,5,30.0,150.0,5
184,2023-08-19,Alimentos,8,10.0,80.0,8
185,2023-11-22,Alimentos,7,10.0,70.0,11
186,2023-12-23,Ropa,1,50.0,50.0,12
187,2023-12-12,Juguetes,7,30.0,210.0,12
188,2023-06-29,Alimentos,10,10.0,100.0,6
189,2023-06-27,Juguetes,10,30.0,300.0,6
190,2023-11-26,Libros,8,20.0,160.0,11
191,2023-06-22,Juguetes,3,30.0,90.0,6
192,2023-05-17,Juguetes,7,30.0,210.0,5
193,2023-07-23,Ropa,9,50.0,450.0,7
194,2023-08-29,Electrónic,3,200.0,600.0,8
195,2023-05-21,Alimentos,6,10.0,60.0,5
196,2023-07-31,Ropa,5,50.0,250.0,7
197,2023-03-05,Ropa,1,50.0,50.0,3
198,2023-10-26,Juguetes,1,30.0,30.0,10
199,2023-04-10,Alimentos,5,10.0,50.0,4
200,2023-01-26,Electrónic,10,200.0,2000.0,1
201,2023-12-13,Ropa,10,50.0,500.0,12
202,2023-01-19,Electrónic,10,200.0,2000.0,1
203,2023-07-09,Electrónic,3,200.0,600.0,7
204,2023-10-01,Alimentos,2,10.0,20.0,10
205,2023-08-19,Electrónic,8,200.0,1600.0,8
206,2023-07-03,Alimentos,2,10.0,20.0,7
207,2023-08-19,Electrónic,2,200.0,400.0,8
208,2023-08-01,Libros,3,20.0,60.0,8
209,2023-04-03,Alimentos,1,10.0,10.0,4
210,2023-07-08,Ropa,8,50.0,400.0,7
211,2023-08-27,Electrónic,2,200.0,400.0,8
212,2023-02-11,Libros,3,20.0,60.0,2
213,2023-11-19,Juguetes,2,30.0,60.0,11
214,2023-01-06,Libros,1,20.0,20.0,1
215,2023-05-30,Electrónic,5,200.0,1000.0,5
216,2023-07-12,Juguetes,3,30.0,90.0,7
217,2023-06-26,Electrónic,4,200.0,800.0,6
218,2023-12-01,Ropa,7,50.0,350.0,12
219,2023-04-21,Electrónic,5,200.0,1000.0,4
220,2023-12-02,Electrónic,6,200.0,1200.0,12
221,2023-05-14,Juguetes,8,30.0,240.0,5
222,2023-01-02,Libros,6,20.0,120.0,1
223,2023-04-27,Electrónic,3,200.0,600.0,4
224,2023-09-07,Libros,9,20.0,180.0,9
225,2023-08-03,Electrónic,6,200.0,1200.0,8
226,2023-03-06,Ropa,2,50.0,100.0,3
227,2023-07-04,Electrónic,3,200.0,600.0,7
228,2023-09-20,Juguetes,3,30.0,90.0,9
229,2023-09-26,Alimentos,10,10.0,100.0,9
230,2023-11-09,Ropa,1,50.0,50.0,11
231,2023-07-08,Ropa,3,50.0,150.0,7
232,2023-09-14,Electrónic,1,200.0,200.0,9
233,2023-07-05,Juguetes,4,30.0,120.0,7
234,2023-11-05,Libros,6,20.0,120.0,11
235,2023-07-14,Alimentos,6,10.0,60.0,7
236,2023-08-17,Libros,4,20.0,80.0,8
237,2023-12-06,Electrónic,9,200.0,1800.0,12
238,2023-06-02,Libros,8,20.0,160.0,6
239,2023-02-28,Electrónic,5,200.0,1000.0,2
240,2023-04-24,Libros,10,20.0,200.0,4
241,2023-09-04,Libros,5,20.0,100.0,9
242,2023-10-05,Alimentos,7,10.0,70.0,10
243,2023-01-05,Ropa,1,50.0,50.0,1
244,2023-03-01,Electrónic,4,200.0,800.0,3
245,2023-08-09,Electrónic,8,200.0,1600.0,8
246,2023-09-01,Ropa,7,50.0,350.0,9
247,2023-07-12,Alimentos,7,10.0,70.0,7
248,2023-07-12,Ropa,6,50.0,300.0,7
249,2023-01-15,Ropa,6,50.0,300.0,1
250,2023-12-06,Juguetes,1,30.0,30.0,12
251,2023-10-24,Juguetes,10,30.0,300.0,10
252,2023-05-01,Alimentos,2,10.0,20.0,5
253,2023-11-21,Libros,8,20.0,160.0,11
254,2023-03-06,Ropa,4,50.0,200.0,3
255,2023-04-08,Juguetes,9,30.0,270.0,4
256,2023-04-19,Juguetes,9,30.0,270.0,4
257,2023-04-30,Electrónic,7,200.0,1400.0,4
258,2023-01-27,Libros,1,20.0,20.0,1
259,2023-03-30,Libros,5,20.0,100.0,3
260,2023-10-23,Libros,3,20.0,60.0,10
261,2023-10-26,Ropa,3,50.0,150.0,10
262,2023-03-11,Juguetes,1,30.0,30.0,3
263,2023-04-04,Juguetes,5,30.0,150.0,4
264,2023-12-19,Juguetes,9,30.0,270.0,12
265,2023-05-01,Libros,2,20.0,40.0,5
266,2023-12-23,Electrónic,4,200.0,800.0,12
267,2023-08-22,Libros,2,20.0,40.0,8
268,2023-01-09,Ropa,9,50.0,450.0,1
269,2023-09-18,Ropa,10,50.0,500.0,9
270,2023-07-28,Libros,2,20.0,40.0,7
271,2023-07-26,Electrónic,7,200.0,1400.0,7
272,2023-10-29,Libros,4,20.0,80.0,10
273,2023-11-04,Juguetes,8,30.0,240.0,11
274,2023-07-14,Alimentos,4,10.0,40.0,7
275,2023-08-09,Libros,8,20.0,160.0,8
276,2023-09-19,Juguetes,4,30.0,120.0,9
277,2023-02-07,Alimentos,8,10.0,80.0,2
278,2023-03-19,Juguetes,3,30.0,90.0,3
279,2023-09-13,Alimentos,5,10.0,50.0,9
280,2023-12-27,Libros,4,20.0,80.0,12
281,2023-04-10,Ropa,5,50.0,250.0,4
282,2023-06-30,Electrónic,7,200.0,1400.0,6
283,2023-01-31,Electrónic,7,200.0,1400.0,1
284,2023-11-29,Alimentos,7,10.0,70.0,11
285,2023-08-12,Alimentos,6,10.0,60.0,8
286,2023-02-14,Ropa,3,50.0,150.0,2
287,2023-12-02,Juguetes,6,30.0,180.0,12
288,2023-08-05,Juguetes,10,30.0,300.0,8
289,2023-07-21,Alimentos,5,10.0,50.0,7
290,2023-05-22,Libros,10,20.0,200.0,5
291,2023-05-17,Alimentos,1,10.0,10.0,5
292,2023-09-28,Electrónic,6,200.0,1200.0,9
293,2023-07-20,Electrónic,7,200.0,1400.0,7
294,2023-03-16,Electrónic,1,200.0,200.0,3
295,2023-05-08,Electrónic,2,200.0,400.0,5
296,2023-07-21,Ropa,3,50.0,150.0,7
297,2023-09-27,Electrónic,8,200.0,1600.0,9
298,2023-08-24,Electrónic,7,200.0,1400.0,8
299,2023-07-30,Juguetes,7,30.0,210.0,7
300,2023-06-27,Libros,7,20.0,140.0,6
301,2023-12-14,Juguetes,6,30.0,180.0,12
302,2023-05-02,Alimentos,3,10.0,30.0,5
303,2023-10-06,Libros,7,20.0,140.0,10
304,2023-12-13,Alimentos,9,10.0,90.0,12
305,2023-08-10,Ropa,7,50.0,350.0,8
306,2023-09-22,Electrónic,5,200.0,1000.0,9
307,2023-09-03,Electrónic,7,200.0,1400.0,9
308,2023-05-04,Electrónic,5,200.0,1000.0,5
309,2023-02-10,Alimentos,3,10.0,30.0,2
310,2023-06-13,Alimentos,1,10.0,10.0,6
311,2023-07-27,Electrónic,6,200.0,1200.0,7
312,2023-04-08,Libros,1,20.0,20.0,4
313,2023-02-07,Alimentos,1,10.0,10.0,2
314,2023-02-23,Alimentos,10,10.0,100.0,2
315,2023-08-20,Libros,9,20.0,180.0,8
316,2023-02-12,Alimentos,8,10.0,80.0,2
317,2023-11-03,Ropa,2,50.0,100.0,11
318,2023-05-27,Electrónic,10,200.0,2000.0,5
319,2023-04-11,Alimentos,6,10.0,60.0,4
320,2023-12-03,Alimentos,5,10.0,50.0,12
321,2023-12-28,Alimentos,9,10.0,90.0,12
322,2023-07-21,Ropa,10,50.0,500.0,7
323,2023-08-29,Electrónic,6,200.0,1200.0,8
324,2023-12-20,Libros,5,20.0,100.0,12
325,2023-02-19,Electrónic,4,200.0,800.0,2
326,2023-01-06,Libros,1,20.0,20.0,1
327,2023-07-02,Juguetes,3,30.0,90.0,7
328,2023-12-03,Alimentos,1,10.0,10.0,12
329,2023-05-11,Electrónic,7,200.0,1400.0,5
330,2023-03-29,Libros,9,20.0,180.0,3
331,2023-10-29,Juguetes,2,30.0,60.0,10
332,2023-04-23,Juguetes,10,30.0,300.0,4
333,2023-07-25,Juguetes,7,30.0,210.0,7
334,2023-12-05,Electrónic,9,200.0,1800.0,12
335,2023-07-10,Alimentos,10,10.0,100.0,7
336,2023-11-13,Libros,9,20.0,180.0,11
337,2023-07-26,Ropa,10,50.0,500.0,7
338,2023-08-29,Electrónic,8,200.0,1600.0,8
339,2023-01-11,Libros,8,20.0,160.0,1
340,2023-12-20,Juguetes,4,30.0,120.0,12
341,2023-03-25,Libros,7,20.0,140.0,3
342,2023-03-23,Ropa,8,50.0,400.0,3
343,2023-05-18,Juguetes,5,30.0,150.0,5
344,2023-08-02,Electrónic,2,200.0,400.0,8
345,2023-12-11,Ropa,5,50.0,250.0,12
346,2023-02-01,Juguetes,9,30.0,270.0,2
347,2023-12-12,Alimentos,10,10.0,100.0,12
348,2023-02-09,Electrónic,10,200.0,2000.0,2
349,2023-12-24,Libros,8,20.0,160.0,12
350,2023-09-06,Alimentos,6,10.0,60.0,9
351,2023-08-28,Ropa,6,50.0,300.0,8
352,2023-01-15,Ropa,2,50.0,100.0,1
353,2023-05-04,Ropa,1,50.0,50.0,5
354,2023-06-29,Ropa,4,50.0,200.0,6
355,2023-04-29,Libros,6,20.0,120.0,4
356,2023-10-28,Alimentos,10,10.0,100.0,10
357,2023-01-30,Juguetes,10,30.0,300.0,1
358,2023-02-19,Alimentos,4,10.0,40.0,2
359,2023-02-01,Electrónic,10,200.0,2000.0,2
360,2023-09-04,Ropa,1,50.0,50.0,9
361,2023-06-29,Alimentos,10,10.0,100.0,6
362,2023-04-29,Alimentos,8,10.0,80.0,4
363,2023-11-11,Alimentos,1,10.0,10.0,11
364,2023-04-03,Ropa,7,50.0,350.0,4
365,2023-12-13,Juguetes,8,30.0,240.0,12
366,2023-07-11,Alimentos,10,10.0,100.0,7
367,2023-07-01,Electrónic,1,200.0,200.0,7
368,2023-04-01,Ropa,7,50.0,350.0,4
369,2023-06-30,Ropa,1,50.0,50.0,6
370,2023-01-27,Ropa,7,50.0,350.0,1
371,2023-11-26,Juguetes,8,30.0,240.0,11
372,2023-08-17,Alimentos,5,10.0,50.0,8
373,2023-11-03,Alimentos,9,10.0,90.0,11
374,2023-01-01,Alimentos,3,10.0,30.0,1
375,2023-07-20,Alimentos,4,10.0,40.0,7
376,2023-04-21,Electrónic,7,200.0,1400.0,4
377,2023-08-10,Libros,9,20.0,180.0,8
378,2023-06-18,Alimentos,9,10.0,90.0,6
379,2023-07-16,Electrónic,9,200.0,1800.0,7
380,2023-01-19,Libros,7,20.0,140.0,1
381,2023-05-15,Alimentos,6,10.0,60.0,5
382,2023-08-02,Electrónic,1,200.0,200.0,8
383,2023-10-12,Juguetes,1,30.0,30.0,10
384,2023-08-05,Electrónic,4,200.0,800.0,8
385,2023-05-13,Electrónic,7,200.0,1400.0,5
386,2023-09-11,Electrónic,7,200.0,1400.0,9
387,2023-12-20,Juguetes,2,30.0,60.0,12
388,2023-11-12,Libros,1,20.0,20.0,11
389,2023-09-05,Alimentos,1,10.0,10.0,9
390,2023-11-29,Juguetes,3,30.0,90.0,11
391,2023-09-30,Electrónic,9,200.0,1800.0,9
392,2023-09-27,Libros,7,20.0,140.0,9
393,2023-11-27,Alimentos,1,10.0,10.0,11
394,2023-06-28,Libros,6,20.0,120.0,6
395,2023-12-09,Juguetes,5,30.0,150.0,12
396,2023-11-26,Libros,7,20.0,140.0,11
397,2023-10-08,Electrónic,7,200.0,1400.0,10
398,2023-06-04,Libros,3,20.0,60.0,6
399,2023-03-09,Ropa,1,50.0,50.0,3
400,2023-07-10,Libros,6,20.0,120.0,7
401,2023-05-14,Libros,5,20.0,100.0,5
402,2023-08-30,Libros,5,20.0,100.0,8
403,2023-02-27,Ropa,10,50.0,500.0,2
404,2023-11-26,Libros,6,20.0,120.0,11
405,2023-03-13,Ropa,6,50.0,300.0,3
406,2023-06-11,Alimentos,9,10.0,90.0,6
407,2023-05-18,Electrónic,3,200.0,600.0,5
408,2023-01-09,Ropa,9,50.0,450.0,1
409,2023-01-04,Ropa,5,50.0,250.0,1
410,2023-05-05,Ropa,5,50.0,250.0,5
411,2023-04-22,Libros,7,20.0,140.0,4
412,2023-04-02,Juguetes,9,30.0,270.0,4
413,2023-04-17,Juguetes,8,30.0,240.0,4
414,2023-03-06,Ropa,7,50.0,350.0,3
415,2023-09-26,Juguetes,7,30.0,210.0,9
416,2023-03-23,Alimentos,5,10.0,50.0,3
417,2023-02-03,Electrónic,10,200.0,2000.0,2
418,2023-04-09,Juguetes,8,30.0,240.0,4
419,2023-10-05,Alimentos,10,10.0,100.0,10
420,2023-10-26,Libros,4,20.0,80.0,10
421,2023-03-31,Alimentos,6,10.0,60.0,3
422,2023-10-26,Alimentos,8,10.0,80.0,10
423,2023-05-08,Electrónic,6,200.0,1200.0,5
424,2023-10-21,Libros,2,20.0,40.0,10
425,2023-03-21,Electrónic,3,200.0,600.0,3
426,2023-12-30,Electrónic,3,200.0,600.0,12
427,2023-03-18,Alimentos,1,10.0,10.0,3
428,2023-05-19,Electrónic,7,200.0,1400.0,5
429,2023-06-24,Alimentos,9,10.0,90.0,6
430,2023-07-20,Electrónic,3,200.0,600.0,7
431,2023-08-01,Electrónic,4,200.0,800.0,8
432,2023-05-17,Ropa,6,50.0,300.0,5
433,2023-08-22,Electrónic,10,200.0,2000.0,8
434,2023-07-07,Alimentos,7,10.0,70.0,7
435,2023-03-26,Libros,6,20.0,120.0,3
436,2023-05-18,Juguetes,4,30.0,120.0,5
437,2023-11-05,Alimentos,6,10.0,60.0,11
438,2023-08-24,Juguetes,6,30.0,180.0,8
439,2023-12-12,Electrónic,2,200.0,400.0,12
440,2023-02-17,Alimentos,9,10.0,90.0,2
441,2023-07-28,Alimentos,10,10.0,100.0,7
442,2023-04-20,Juguetes,1,30.0,30.0,4
443,2023-08-08,Ropa,2,50.0,100.0,8
444,2023-05-27,Libros,10,20.0,200.0,5
445,2023-10-09,Alimentos,4,10.0,40.0,10
446,2023-11-09,Libros,5,20.0,100.0,11
447,2023-12-13,Ropa,6,50.0,300.0,12
448,2023-08-12,Ropa,8,50.0,400.0,8
449,2023-03-22,Juguetes,9,30.0,270.0,3
450,2023-09-08,Alimentos,7,10.0,70.0,9
451,2023-03-28,Juguetes,8,30.0,240.0,3
452,2023-08-01,Ropa,10,50.0,500.0,8
453,2023-09-07,Alimentos,10,10.0,100.0,9
454,2023-09-18,Ropa,10,50.0,500.0,9
455,2023-11-30,Alimentos,1,10.0,10.0,11
456,2023-08-14,Electrónic,10,200.0,2000.0,8
457,2023-09-27,Electrónic,3,200.0,600.0,9
458,2023-07-17,Juguetes,8,30.0,240.0,7
459,2023-05-01,Juguetes,3,30.0,90.0,5
460,2023-04-27,Ropa,2,50.0,100.0,4
461,2023-06-30,Juguetes,3,30.0,90.0,6
462,2023-06-19,Electrónic,9,200.0,1800.0,6
463,2023-10-23,Juguetes,9,30.0,270.0,10
464,2023-03-21,Alimentos,10,10.0,100.0,3
465,2023-10-31,Juguetes,9,30.0,270.0,10
466,2023-10-01,Libros,6,20.0,120.0,10
467,2023-02-26,Electrónic,2,200.0,400.0,2
468,2023-01-15,Libros,9,20.0,180.0,1
469,2023-09-29,Juguetes,3,30.0,90.0,9
470,2023-09-23,Ropa,8,50.0,400.0,9
471,2023-03-07,Juguetes,7,30.0,210.0,3
472,2023-05-13,Alimentos,2,10.0,20.0,5
473,2023-05-08,Electrónic,9,200.0,1800.0,5
474,2023-10-26,Juguetes,7,30.0,210.0,10
475,2023-11-02,Libros,6,20.0,120.0,11
476,2023-03-01,Ropa,4,50.0,200.0,3
477,2023-04-02,Ropa,10,50.0,500.0,4
478,2023-01-23,Electrónic,4,200.0,800.0,1
479,2023-02-18,Electrónic,2,200.0,400.0,2
480,2023-05-14,Electrónic,8,200.0,1600.0,5
481,2023-05-26,Alimentos,3,10.0,30.0,5
482,2023-06-27,Electrónic,9,200.0,1800.0,6
483,2023-03-24,Juguetes,6,30.0,180.0,3
484,2023-09-05,Libros,3,20.0,60.0,9
485,2023-11-23,Alimentos,4,10.0,40.0,11
486,2023-06-08,Ropa,10,50.0,500.0,6
487,2023-03-01,Libros,7,20.0,140.0,3
488,2023-04-26,Electrónic,3,200.0,600.0,4
489,2023-12-17,Electrónic,6,200.0,1200.0,12
490,2023-08-28,Libros,6,20.0,120.0,8
491,2023-12-22,Ropa,4,50.0,200.0,12
492,2023-12-14,Juguetes,6,30.0,180.0,12
493,2023-10-05,Electrónic,2,200.0,400.0,10
494,2023-04-25,Electrónic,7,200.0,1400.0,4
495,2023-02-10,Libros,10,20.0,200.0,2
496,2023-10-31,Alimentos,6,10.0,60.0,10
497,2023-10-07,Alimentos,9,10.0,90.0,10
498,2023-04-10,Alimentos,8,10.0,80.0,4
499,2023-08-10,Ropa,5,50.0,250.0,8
500,2023-05-15,Juguetes,10,30.0,300.0,5
501,2023-09-06,Juguetes,3,30.0,90.0,9
502,2023-11-13,Alimentos,5,10.0,50.0,11
503,2023-03-30,Electrónic,1,200.0,200.0,3
504,2023-05-14,Electrónic,1,200.0,200.0,5
505,2023-05-27,Alimentos,1,10.0,10.0,5
506,2023-12-09,Electrónic,7,200.0,1400.0,12
507,2023-12-07,Juguetes,6,30.0,180.0,12
508,2023-01-12,Libros,3,20.0,60.0,1
509,2023-03-30,Ropa,6,50.0,300.0,3
510,2023-12-25,Electrónic,1,200.0,200.0,12
511,2023-08-08,Ropa,5,50.0,250.0,8
512,2023-12-04,Alimentos,3,10.0,30.0,12
513,2023-01-25,Electrónic,2,200.0,400.0,1
514,2023-05-14,Electrónic,6,200.0,1200.0,5
515,2023-05-21,Electrónic,3,200.0,600.0,5
516,2023-04-12,Alimentos,3,10.0,30.0,4
517,2023-10-19,Electrónic,10,200.0,2000.0,10
518,2023-08-11,Electrónic,5,200.0,1000.0,8
519,2023-09-05,Juguetes,1,30.0,30.0,9
520,2023-05-29,Alimentos,7,10.0,70.0,5
521,2023-12-02,Alimentos,3,10.0,30.0,12
522,2023-09-10,Libros,3,20.0,60.0,9
523,2023-06-04,Juguetes,5,30.0,150.0,6
524,2023-09-07,Ropa,3,50.0,150.0,9
525,2023-04-11,Alimentos,3,10.0,30.0,4
526,2023-04-20,Juguetes,8,30.0,240.0,4
527,2023-03-24,Libros,10,20.0,200.0,3
528,2023-10-29,Alimentos,8,10.0,80.0,10
529,2023-11-08,Juguetes,10,30.0,300.0,11
530,2023-10-21,Electrónic,10,200.0,2000.0,10
531,2023-09-19,Electrónic,9,200.0,1800.0,9
532,2023-09-12,Electrónic,2,200.0,400.0,9
533,2023-08-29,Electrónic,2,200.0,400.0,8
534,2023-01-24,Electrónic,5,200.0,1000.0,1
535,2023-02-18,Libros,7,20.0,140.0,2
536,2023-08-30,Ropa,10,50.0,500.0,8
537,2023-09-24,Electrónic,1,200.0,200.0,9
538,2023-06-11,Electrónic,7,200.0,1400.0,6
539,2023-09-22,Libros,3,20.0,60.0,9
540,2023-08-09,Alimentos,4,10.0,40.0,8
541,2023-10-14,Ropa,2,50.0,100.0,10
542,2023-05-03,Electrónic,5,200.0,1000.0,5
543,2023-09-20,Electrónic,1,200.0,200.0,9
544,2023-03-08,Electrónic,1,200.0,200.0,3
545,2023-06-05,Juguetes,6,30.0,180.0,6
546,2023-11-20,Electrónic,5,200.0,1000.0,11
547,2023-06-25,Electrónic,10,200.0,2000.0,6
548,2023-12-31,Electrónic,8,200.0,1600.0,12
549,2023-12-08,Electrónic,8,200.0,1600.0,12
550,2023-03-20,Ropa,3,50.0,150.0,3
551,2023-07-20,Juguetes,7,30.0,210.0,7
552,2023-02-28,Electrónic,6,200.0,1200.0,2
553,2023-01-08,Electrónic,10,200.0,2000.0,1
554,2023-05-26,Alimentos,8,10.0,80.0,5
555,2023-05-25,Electrónic,5,200.0,1000.0,5
556,2023-01-19,Ropa,7,50.0,350.0,1
557,2023-07-08,Libros,1,20.0,20.0,7
558,2023-04-24,Ropa,7,50.0,350.0,4
559,2023-06-17,Ropa,9,50.0,450.0,6
560,2023-07-22,Libros,5,20.0,100.0,7
561,2023-03-29,Libros,8,20.0,160.0,3
562,2023-02-26,Electrónic,1,200.0,200.0,2
563,2023-02-16,Electrónic,1,200.0,200.0,2
564,2023-06-04,Juguetes,8,30.0,240.0,6
565,2023-10-08,Ropa,3,50.0,150.0,10
566,2023-03-26,Ropa,10,50.0,500.0,3
567,2023-09-07,Libros,5,20.0,100.0,9
568,2023-01-31,Alimentos,8,10.0,80.0,1
569,2023-01-12,Juguetes,9,30.0,270.0,1
570,2023-12-15,Electrónic,9,200.0,1800.0,12
571,2023-03-28,Libros,6,20.0,120.0,3
572,2023-06-21,Electrónic,7,200.0,1400.0,6
573,2023-07-02,Electrónic,3,200.0,600.0,7
574,2023-08-25,Ropa,9,50.0,450.0,8
575,2023-04-01,Alimentos,5,10.0,50.0,4
576,2023-12-21,Electrónic,4,200.0,800.0,12
577,2023-04-05,Libros,5,20.0,100.0,4
578,2023-04-04,Electrónic,2,200.0,400.0,4
579,2023-08-07,Juguetes,4,30.0,120.0,8
580,2023-04-05,Juguetes,2,30.0,60.0,4
581,2023-02-05,Electrónic,6,200.0,1200.0,2
582,2023-03-15,Ropa,4,50.0,200.0,3
583,2023-01-12,Electrónic,10,200.0,2000.0,1
584,2023-10-18,Juguetes,2,30.0,60.0,10
585,2023-01-27,Ropa,3,50.0,150.0,1
586,2023-06-15,Libros,10,20.0,200.0,6
587,2023-06-18,Ropa,2,50.0,100.0,6
588,2023-01-07,Libros,2,20.0,40.0,1
589,2023-10-07,Electrónic,8,200.0,1600.0,10
590,2023-06-27,Alimentos,1,10.0,10.0,6
591,2023-03-09,Electrónic,7,200.0,1400.0,3
592,2023-10-04,Alimentos,2,10.0,20.0,10
593,2023-07-25,Ropa,9,50.0,450.0,7
594,2023-08-31,Alimentos,8,10.0,80.0,8
595,2023-02-01,Libros,1,20.0,20.0,2
596,2023-02-19,Libros,3,20.0,60.0,2
597,2023-07-10,Electrónic,5,200.0,1000.0,7
598,2023-05-15,Electrónic,5,200.0,1000.0,5
599,2023-10-13,Ropa,1,50.0,50.0,10
600,2023-08-18,Ropa,10,50.0,500.0,8
601,2023-09-19,Juguetes,9,30.0,270.0,9
602,2023-03-05,Ropa,8,50.0,400.0,3
603,2023-09-04,Electrónic,1,200.0,200.0,9
604,2023-06-05,Juguetes,8,30.0,240.0,6
605,2023-05-20,Ropa,5,50.0,250.0,5
606,2023-09-10,Ropa,10,50.0,500.0,9
607,2023-03-12,Juguetes,10,30.0,300.0,3
608,2023-03-08,Alimentos,3,10.0,30.0,3
609,2023-12-12,Libros,10,20.0,200.0,12
610,2023-10-07,Juguetes,1,30.0,30.0,10
611,2023-01-27,Electrónic,4,200.0,800.0,1
612,2023-01-14,Libros,2,20.0,40.0,1
613,2023-07-12,Ropa,5,50.0,250.0,7
614,2023-11-20,Ropa,1,50.0,50.0,11
615,2023-08-10,Libros,7,20.0,140.0,8
616,2023-04-20,Juguetes,9,30.0,270.0,4
617,2023-01-10,Electrónic,8,200.0,1600.0,1
618,2023-04-16,Juguetes,5,30.0,150.0,4
619,2023-06-12,Alimentos,8,10.0,80.0,6
620,2023-01-27,Ropa,10,50.0,500.0,1
621,2023-05-08,Electrónic,3,200.0,600.0,5
622,2023-12-19,Libros,10,20.0,200.0,12
623,2023-08-28,Ropa,8,50.0,400.0,8
624,2023-03-19,Alimentos,7,10.0,70.0,3
625,2023-01-26,Ropa,7,50.0,350.0,1
626,2023-03-05,Libros,6,20.0,120.0,3
627,2023-09-06,Ropa,3,50.0,150.0,9
628,2023-07-29,Ropa,1,50.0,50.0,7
629,2023-04-27,Alimentos,1,10.0,10.0,4
630,2023-06-08,Juguetes,4,30.0,120.0,6
631,2023-09-17,Electrónic,3,200.0,600.0,9
632,2023-09-02,Alimentos,1,10.0,10.0,9
633,2023-02-07,Alimentos,7,10.0,70.0,2
634,2023-04-25,Electrónic,2,200.0,400.0,4
635,2023-04-20,Ropa,1,50.0,50.0,4
636,2023-03-14,Juguetes,7,30.0,210.0,3
637,2023-08-28,Alimentos,2,10.0,20.0,8
638,2023-12-05,Libros,4,20.0,80.0,12
639,2023-04-20,Juguetes,3,30.0,90.0,4
640,2023-02-17,Electrónic,4,200.0,800.0,2
641,2023-06-17,Libros,2,20.0,40.0,6
642,2023-07-04,Electrónic,2,200.0,400.0,7
643,2023-10-08,Ropa,3,50.0,150.0,10
644,2023-01-19,Juguetes,6,30.0,180.0,1
645,2023-05-01,Libros,8,20.0,160.0,5
646,2023-09-13,Ropa,9,50.0,450.0,9
647,2023-10-04,Ropa,5,50.0,250.0,10
648,2023-07-29,Libros,4,20.0,80.0,7
649,2023-01-05,Ropa,9,50.0,450.0,1
650,2023-07-17,Alimentos,3,10.0,30.0,7
651,2023-07-09,Libros,4,20.0,80.0,7
652,2023-02-04,Alimentos,6,10.0,60.0,2
653,2023-03-09,Ropa,3,50.0,150.0,3
654,2023-06-18,Ropa,3,50.0,150.0,6
655,2023-05-22,Alimentos,9,10.0,90.0,5
656,2023-07-19,Ropa,1,50.0,50.0,7
657,2023-11-21,Ropa,8,50.0,400.0,11
658,2023-08-22,Electrónic,8,200.0,1600.0,8
659,2023-05-03,Ropa,4,50.0,200.0,5
660,2023-03-02,Libros,2,20.0,40.0,3
661,2023-03-21,Juguetes,10,30.0,300.0,3
662,2023-03-29,Ropa,4,50.0,200.0,3
663,2023-09-13,Juguetes,4,30.0,120.0,9
664,2023-05-06,Electrónic,1,200.0,200.0,5
665,2023-10-01,Libros,5,20.0,100.0,10
666,2023-08-31,Alimentos,9,10.0,90.0,8
667,2023-06-12,Juguetes,8,30.0,240.0,6
668,2023-01-25,Libros,1,20.0,20.0,1
669,2023-07-01,Ropa,5,50.0,250.0,7
670,2023-03-28,Libros,4,20.0,80.0,3
671,2023-06-21,Electrónic,8,200.0,1600.0,6
672,2023-07-15,Juguetes,3,30.0,90.0,7
673,2023-02-28,Libros,1,20.0,20.0,2
674,2023-06-14,Alimentos,7,10.0,70.0,6
675,2023-11-15,Libros,1,20.0,20.0,11
676,2023-08-07,Alimentos,5,10.0,50.0,8
677,2023-08-19,Ropa,9,50.0,450.0,8
678,2023-01-21,Alimentos,1,10.0,10.0,1
679,2023-06-29,Ropa,10,50.0,500.0,6
680,2023-01-19,Ropa,3,50.0,150.0,1
681,2023-11-04,Libros,5,20.0,100.0,11
682,2023-05-12,Electrónic,5,200.0,1000.0,5
683,2023-05-29,Libros,2,20.0,40.0,5
684,2023-08-14,Juguetes,9,30.0,270.0,8
685,2023-02-25,Ropa,8,50.0,400.0,2
686,2023-04-19,Electrónic,3,200.0,600.0,4
687,2023-10-08,Juguetes,6,30.0,180.0,10
688,2023-11-25,Juguetes,1,30.0,30.0,11
689,2023-05-10,Alimentos,8,10.0,80.0,5
690,2023-08-07,Ropa,6,50.0,300.0,8
691,2023-12-05,Libros,10,20.0,200.0,12
692,2023-09-08,Libros,3,20.0,60.0,9
693,2023-05-08,Alimentos,4,10.0,40.0,5
694,2023-04-17,Juguetes,5,30.0,150.0,4
695,2023-02-04,Libros,2,20.0,40.0,2
696,2023-12-30,Ropa,7,50.0,350.0,12
697,2023-06-28,Libros,2,20.0,40.0,6
698,2023-04-25,Alimentos,9,10.0,90.0,4
699,2023-04-11,Juguetes,4,30.0,120.0,4
700,2023-10-04,Libros,4,20.0,80.0,10
701,2023-05-08,Alimentos,4,10.0,40.0,5
702,2023-06-19,Alimentos,3,10.0,30.0,6
703,2023-04-20,Alimentos,3,10.0,30.0,4
704,2023-02-19,Libros,1,20.0,20.0,2
705,2023-12-16,Libros,10,20.0,200.0,12
706,2023-03-31,Alimentos,4,10.0,40.0,3
707,2023-10-11,Ropa,10,50.0,500.0,10
708,2023-10-22,Juguetes,1,30.0,30.0,10
709,2023-10-01,Ropa,2,50.0,100.0,10
710,2023-04-10,Ropa,4,50.0,200.0,4
711,2023-04-28,Alimentos,4,10.0,40.0,4
712,2023-08-15,Electrónic,1,200.0,200.0,8
713,2023-11-22,Alimentos,9,10.0,90.0,11
714,2023-05-09,Libros,4,20.0,80.0,5
715,2023-07-08,Ropa,5,50.0,250.0,7
716,2023-08-21,Alimentos,8,10.0,80.0,8
717,2023-01-01,Libros,8,20.0,160.0,1
718,2023-04-01,Ropa,10,50.0,500.0,4
719,2023-08-08,Alimentos,3,10.0,30.0,8
720,2023-10-06,Ropa,1,50.0,50.0,10
721,2023-12-27,Electrónic,8,200.0,1600.0,12
722,2023-07-31,Ropa,8,50.0,400.0,7
723,2023-12-18,Alimentos,9,10.0,90.0,12
724,2023-12-26,Ropa,7,50.0,350.0,12
725,2023-01-27,Juguetes,8,30.0,240.0,1
726,2023-01-03,Juguetes,8,30.0,240.0,1
727,2023-04-21,Alimentos,3,10.0,30.0,4
728,2023-11-20,Alimentos,2,10.0,20.0,11
729,2023-03-26,Juguetes,5,30.0,150.0,3
730,2023-02-09,Juguetes,10,30.0,300.0,2
731,2023-05-14,Electrónic,2,200.0,400.0,5
732,2023-11-17,Ropa,2,50.0,100.0,11
733,2023-10-22,Juguetes,10,30.0,300.0,10
734,2023-12-09,Alimentos,4,10.0,40.0,12
735,2023-11-03,Juguetes,3,30.0,90.0,11
736,2023-12-10,Alimentos,4,10.0,40.0,12
737,2023-07-15,Electrónic,2,200.0,400.0,7
738,2023-12-21,Electrónic,6,200.0,1200.0,12
739,2023-11-05,Juguetes,4,30.0,120.0,11
740,2023-10-15,Ropa,8,50.0,400.0,10
741,2023-01-03,Electrónic,9,200.0,1800.0,1
742,2023-02-14,Libros,3,20.0,60.0,2
743,2023-11-21,Ropa,6,50.0,300.0,11
744,2023-03-06,Ropa,3,50.0,150.0,3
745,2023-07-12,Libros,7,20.0,140.0,7
746,2023-07-20,Alimentos,1,10.0,10.0,7
747,2023-03-27,Alimentos,8,10.0,80.0,3
748,2023-06-25,Alimentos,6,10.0,60.0,6
749,2023-09-20,Juguetes,5,30.0,150.0,9
750,2023-10-09,Electrónic,3,200.0,600.0,10
751,2023-10-01,Electrónic,9,200.0,1800.0,10
752,2023-05-24,Juguetes,4,30.0,120.0,5
753,2023-10-21,Alimentos,1,10.0,10.0,10
754,2023-12-20,Ropa,5,50.0,250.0,12
755,2023-11-01,Alimentos,4,10.0,40.0,11
756,2023-04-20,Juguetes,10,30.0,300.0,4
757,2023-04-01,Alimentos,4,10.0,40.0,4
758,2023-08-19,Libros,10,20.0,200.0,8
759,2023-04-04,Libros,8,20.0,160.0,4
760,2023-11-09,Ropa,4,50.0,200.0,11
761,2023-09-25,Ropa,6,50.0,300.0,9
762,2023-04-26,Libros,7,20.0,140.0,4
763,2023-11-04,Ropa,9,50.0,450.0,11
764,2023-11-22,Juguetes,7,30.0,210.0,11
765,2023-04-18,Alimentos,10,10.0,100.0,4
766,2023-08-23,Electrónic,5,200.0,1000.0,8
767,2023-04-30,Electrónic,2,200.0,400.0,4
768,2023-04-13,Ropa,7,50.0,350.0,4
769,2023-03-15,Electrónic,9,200.0,1800.0,3
770,2023-06-09,Juguetes,9,30.0,270.0,6
771,2023-04-10,Libros,9,20.0,180.0,4
772,2023-10-09,Libros,6,20.0,120.0,10
773,2023-08-30,Ropa,7,50.0,350.0,8
774,2023-06-23,Juguetes,1,30.0,30.0,6
775,2023-07-29,Juguetes,2,30.0,60.0,7
776,2023-09-19,Alimentos,10,10.0,100.0,9
777,2023-08-29,Juguetes,10,30.0,300.0,8
778,2023-03-05,Alimentos,6,10.0,60.0,3
779,2023-10-16,Juguetes,10,30.0,300.0,10
780,2023-05-17,Libros,10,20.0,200.0,5
781,2023-01-25,Electrónic,7,200.0,1400.0,1
782,2023-10-29,Libros,6,20.0,120.0,10
783,2023-08-04,Ropa,8,50.0,400.0,8
784,2023-01-28,Juguetes,1,30.0,30.0,1
785,2023-08-27,Alimentos,10,10.0,100.0,8
786,2023-06-27,Juguetes,1,30.0,30.0,6
787,2023-03-10,Juguetes,9,30.0,270.0,3
788,2023-04-13,Libros,9,20.0,180.0,4
789,2023-10-31,Ropa,2,50.0,100.0,10
790,2023-09-13,Libros,1,20.0,20.0,9
791,2023-10-29,Ropa,6,50.0,300.0,10
792,2023-09-28,Alimentos,9,10.0,90.0,9
793,2023-08-30,Alimentos,5,10.0,50.0,8
794,2023-01-08,Alimentos,5,10.0,50.0,1
795,2023-08-05,Alimentos,2,10.0,20.0,8
796,2023-01-12,Juguetes,5,30.0,150.0,1
797,2023-04-11,Juguetes,4,30.0,120.0,4
798,2023-04-12,Juguetes,3,30.0,90.0,4
799,2023-08-11,Alimentos,6,10.0,60.0,8
800,2023-06-17,Alimentos,9,10.0,90.0,6
801,2023-09-11,Electrónic,7,200.0,1400.0,9
802,2023-08-08,Electrónic,8,200.0,1600.0,8
803,2023-01-18,Juguetes,3,30.0,90.0,1
804,2023-01-16,Libros,1,20.0,20.0,1
805,2023-10-05,Electrónic,1,200.0,200.0,10
806,2023-06-22,Alimentos,9,10.0,90.0,6
807,2023-01-12,Electrónic,7,200.0,1400.0,1
808,2023-12-16,Electrónic,5,200.0,1000.0,12
809,2023-08-03,Juguetes,3,30.0,90.0,8
810,2023-02-08,Libros,4,20.0,80.0,2
811,2023-10-19,Ropa,8,50.0,400.0,10
812,2023-09-10,Libros,4,20.0,80.0,9
813,2023-08-24,Libros,6,20.0,120.0,8
814,2023-02-28,Ropa,8,50.0,400.0,2
815,2023-12-23,Alimentos,10,10.0,100.0,12
816,2023-12-10,Alimentos,6,10.0,60.0,12
817,2023-12-30,Electrónic,4,200.0,800.0,12
818,2023-03-13,Libros,9,20.0,180.0,3
819,2023-09-05,Alimentos,10,10.0,100.0,9
820,2023-02-20,Alimentos,5,10.0,50.0,2
821,2023-11-28,Juguetes,7,30.0,210.0,11
822,2023-08-26,Libros,5,20.0,100.0,8
823,2023-03-05,Ropa,7,50.0,350.0,3
824,2023-03-12,Juguetes,7,30.0,210.0,3
825,2023-11-29,Alimentos,10,10.0,100.0,11
826,2023-04-03,Alimentos,1,10.0,10.0,4
827,2023-10-25,Alimentos,10,10.0,100.0,10
828,2023-02-11,Juguetes,5,30.0,150.0,2
829,2023-05-21,Alimentos,8,10.0,80.0,5
830,2023-10-21,Electrónic,4,200.0,800.0,10
831,2023-02-19,Libros,3,20.0,60.0,2
832,2023-07-22,Juguetes,4,30.0,120.0,7
833,2023-08-03,Juguetes,6,30.0,180.0,8
834,2023-10-11,Juguetes,7,30.0,210.0,10
835,2023-02-21,Electrónic,9,200.0,1800.0,2
836,2023-03-11,Alimentos,8,10.0,80.0,3
837,2023-10-04,Juguetes,3,30.0,90.0,10
838,2023-10-26,Juguetes,10,30.0,300.0,10
839,2023-05-17,Alimentos,1,10.0,10.0,5
840,2023-11-03,Electrónic,9,200.0,1800.0,11
841,2023-04-14,Juguetes,9,30.0,270.0,4
842,2023-05-01,Libros,4,20.0,80.0,5
843,2023-11-26,Alimentos,1,10.0,10.0,11
844,2023-10-11,Ropa,5,50.0,250.0,10
845,2023-08-21,Ropa,2,50.0,100.0,8
846,2023-05-11,Alimentos,7,10.0,70.0,5
847,2023-07-20,Libros,5,20.0,100.0,7
848,2023-06-23,Electrónic,3,200.0,600.0,6
849,2023-08-29,Juguetes,7,30.0,210.0,8
850,2023-03-13,Ropa,4,50.0,200.0,3
851,2023-05-16,Juguetes,5,30.0,150.0,5
852,2023-06-15,Juguetes,1,30.0,30.0,6
853,2023-10-09,Electrónic,4,200.0,800.0,10
854,2023-08-25,Ropa,7,50.0,350.0,8
855,2023-06-30,Juguetes,3,30.0,90.0,6
856,2023-04-07,Juguetes,5,30.0,150.0,4
857,2023-10-23,Alimentos,4,10.0,40.0,10
858,2023-11-30,Alimentos,2,10.0,20.0,11
859,2023-04-26,Alimentos,6,10.0,60.0,4
860,2023-01-04,Ropa,6,50.0,300.0,1
861,2023-08-14,Ropa,1,50.0,50.0,8
862,2023-01-16,Alimentos,5,10.0,50.0,1
863,2023-09-24,Alimentos,2,10.0,20.0,9
864,2023-01-08,Electrónic,2,200.0,400.0,1
865,2023-08-14,Ropa,4,50.0,200.0,8
866,2023-05-14,Electrónic,9,200.0,1800.0,5
867,2023-01-03,Alimentos,8,10.0,80.0,1
868,2023-03-30,Libros,4,20.0,80.0,3
869,2023-01-24,Electrónic,8,200.0,1600.0,1
870,2023-09-11,Electrónic,3,200.0,600.0,9
871,2023-08-31,Libros,8,20.0,160.0,8
872,2023-07-15,Electrónic,6,200.0,1200.0,7
873,2023-01-27,Juguetes,3,30.0,90.0,1
874,2023-09-12,Ropa,8,50.0,400.0,9
875,2023-09-27,Alimentos,1,10.0,10.0,9
876,2023-08-10,Alimentos,7,10.0,70.0,8
877,2023-03-02,Juguetes,10,30.0,300.0,3
878,2023-01-27,Alimentos,9,10.0,90.0,1
879,2023-03-03,Libros,3,20.0,60.0,3
880,2023-03-20,Juguetes,6,30.0,180.0,3
881,2023-02-06,Juguetes,2,30.0,60.0,2
882,2023-03-22,Libros,5,20.0,100.0,3
883,2023-11-08,Electrónic,4,200.0,800.0,11
884,2023-01-23,Ropa,7,50.0,350.0,1
885,2023-02-17,Electrónic,7,200.0,1400.0,2
886,2023-11-16,Ropa,10,50.0,500.0,11
887,2023-09-20,Libros,9,20.0,180.0,9
888,2023-10-17,Ropa,2,50.0,100.0,10
889,2023-07-21,Libros,2,20.0,40.0,7
890,2023-06-16,Alimentos,4,10.0,40.0,6
891,2023-09-27,Alimentos,8,10.0,80.0,9
892,2023-06-05,Alimentos,3,10.0,30.0,6
893,2023-02-13,Libros,10,20.0,200.0,2
894,2023-04-05,Ropa,10,50.0,500.0,4
895,2023-01-03,Ropa,5,50.0,250.0,1
896,2023-12-31,Libros,8,20.0,160.0,12
897,2023-05-04,Alimentos,4,10.0,40.0,5
898,2023-03-29,Electrónic,3,200.0,600.0,3
899,2023-02-24,Ropa,7,50.0,350.0,2
900,2023-05-14,Ropa,5,50.0,250.0,5
901,2023-02-02,Alimentos,7,10.0,70.0,2
902,2023-01-11,Electrónic,5,200.0,1000.0,1
903,2023-01-07,Juguetes,4,30.0,120.0,1
904,2023-06-29,Libros,4,20.0,80.0,6
905,2023-07-16,Libros,5,20.0,100.0,7
906,2023-02-13,Ropa,2,50.0,100.0,2
907,2023-12-19,Alimentos,3,10.0,30.0,12
908,2023-03-18,Libros,6,20.0,120.0,3
909,2023-02-28,Libros,1,20.0,20.0,2
910,2023-04-07,Libros,1,20.0,20.0,4
911,2023-08-31,Alimentos,7,10.0,70.0,8
912,2023-05-30,Ropa,8,50.0,400.0,5
913,2023-07-16,Ropa,9,50.0,450.0,7
914,2023-07-03,Libros,5,20.0,100.0,7
915,2023-03-26,Juguetes,7,30.0,210.0,3
916,2023-01-11,Alimentos,6,10.0,60.0,1
917,2023-12-03,Electrónic,5,200.0,1000.0,12
918,2023-03-30,Alimentos,10,10.0,100.0,3
919,2023-04-14,Libros,2,20.0,40.0,4
920,2023-04-29,Alimentos,4,10.0,40.0,4
921,2023-02-05,Alimentos,4,10.0,40.0,2
922,2023-12-07,Alimentos,9,10.0,90.0,12
923,2023-11-20,Electrónic,9,200.0,1800.0,11
924,2023-12-29,Juguetes,9,30.0,270.0,12
925,2023-07-08,Juguetes,2,30.0,60.0,7
926,2023-06-09,Juguetes,7,30.0,210.0,6
927,2023-10-07,Juguetes,5,30.0,150.0,10
928,2023-11-29,Ropa,5,50.0,250.0,11
929,2023-03-23,Electrónic,3,200.0,600.0,3
930,2023-03-27,Juguetes,7,30.0,210.0,3
931,2023-03-23,Electrónic,1,200.0,200.0,3
932,2023-01-01,Alimentos,2,10.0,20.0,1
933,2023-03-04,Electrónic,4,200.0,800.0,3
934,2023-07-19,Ropa,1,50.0,50.0,7
935,2023-12-26,Electrónic,6,200.0,1200.0,12
936,2023-09-28,Libros,8,20.0,160.0,9
937,2023-12-13,Electrónic,2,200.0,400.0,12
938,2023-05-25,Alimentos,8,10.0,80.0,5
939,2023-05-11,Libros,9,20.0,180.0,5
940,2023-08-12,Juguetes,5,30.0,150.0,8
941,2023-10-31,Alimentos,8,10.0,80.0,10
942,2023-09-05,Libros,5,20.0,100.0,9
943,2023-04-07,Juguetes,6,30.0,180.0,4
944,2023-04-20,Juguetes,3,30.0,90.0,4
945,2023-06-22,Electrónic,7,200.0,1400.0,6
946,2023-08-14,Ropa,4,50.0,200.0,8
947,2023-06-14,Ropa,5,50.0,250.0,6
948,2023-10-14,Libros,1,20.0,20.0,10
949,2023-02-09,Electrónic,2,200.0,400.0,2
950,2023-06-08,Libros,3,20.0,60.0,6
951,2023-07-10,Juguetes,5,30.0,150.0,7
952,2023-12-17,Libros,9,20.0,180.0,12
953,2023-08-29,Alimentos,9,10.0,90.0,8
954,2023-08-20,Alimentos,2,10.0,20.0,8
955,2023-12-20,Ropa,9,50.0,450.0,12
956,2023-01-08,Ropa,7,50.0,350.0,1
957,2023-08-19,Alimentos,2,10.0,20.0,8
958,2023-05-26,Libros,3,20.0,60.0,5
959,2023-02-09,Electrónic,1,200.0,200.0,2
960,2023-08-06,Libros,9,20.0,180.0,8
961,2023-02-28,Electrónic,9,200.0,1800.0,2
962,2023-02-14,Electrónic,8,200.0,1600.0,2
963,2023-02-25,Libros,8,20.0,160.0,2
964,2023-09-14,Alimentos,4,10.0,40.0,9
965,2023-01-28,Ropa,8,50.0,400.0,1
966,2023-01-27,Electrónic,4,200.0,800.0,1
967,2023-08-23,Libros,8,20.0,160.0,8
968,2023-09-24,Juguetes,4,30.0,120.0,9
969,2023-05-12,Alimentos,9,10.0,90.0,5
970,2023-05-06,Juguetes,9,30.0,270.0,5
971,2023-05-07,Electrónic,8,200.0,1600.0,5
972,2023-07-23,Alimentos,2,10.0,20.0,7
973,2023-05-23,Alimentos,4,10.0,40.0,5
974,2023-05-04,Alimentos,7,10.0,70.0,5
975,2023-08-24,Ropa,6,50.0,300.0,8
976,2023-04-09,Electrónic,10,200.0,2000.0,4
977,2023-01-05,Electrónic,2,200.0,400.0,1
978,2023-06-07,Libros,9,20.0,180.0,6
979,2023-01-10,Alimentos,2,10.0,20.0,1
980,2023-08-10,Libros,6,20.0,120.0,8
981,2023-08-30,Ropa,3,50.0,150.0,8
982,2023-01-23,Libros,5,20.0,100.0,1
983,2023-06-15,Juguetes,5,30.0,150.0,6
984,2023-01-24,Libros,7,20.0,140.0,1
985,2023-12-02,Libros,5,20.0,100.0,12
986,2023-09-27,Ropa,6,50.0,300.0,9
987,2023-08-26,Juguetes,2,30.0,60.0,8
988,2023-05-06,Libros,7,20.0,140.0,5
989,2023-12-06,Alimentos,10,10.0,100.0,12
990,2023-09-11,Alimentos,6,10.0,60.0,9
991,2023-01-31,Ropa,4,50.0,200.0,1
992,2023-03-22,Libros,1,20.0,20.0,3
993,2023-08-12,Alimentos,9,10.0,90.0,8
994,2023-10-29,Juguetes,4,30.0,120.0,10
995,2023-04-27,Alimentos,2,10.0,20.0,4
996,2023-06-09,Ropa,10,50.0,500.0,6
997,2023-08-21,Alimentos,8,10.0,80.0,8
998,2023-03-28,Electrónic,6,200.0,1200.0,3
999,2023-03-07,Electrónic,4,200.0,800.0,3
1000,2023-08-25,Electrónic,5,200.0,1000.0,8
1001,2023-08-14,Alimentos,9,10.0,90.0,8
1002,2023-08-30,Ropa,6,50.0,300.0,8
1003,2023-11-09,Alimentos,2,10.0,20.0,11
1004,2023-10-26,Ropa,8,50.0,400.0,10
1005,2023-12-01,Juguetes,2,30.0,60.0,12
1006,2023-05-16,Electrónic,4,200.0,800.0,5
1007,2023-02-09,Libros,1,20.0,20.0,2
1008,2023-01-09,Electrónic,2,200.0,400.0,1
1009,2023-05-03,Electrónic,6,200.0,1200.0,5
1010,2023-11-30,Electrónic,5,200.0,1000.0,11
1011,2023-10-26,Electrónic,1,200.0,200.0,10
1012,2023-08-22,Juguetes,3,30.0,90.0,8
1013,2023-06-05,Electrónic,1,200.0,200.0,6
1014,2023-10-02,Juguetes,6,30.0,180.0,10
1015,2023-01-25,Electrónic,3,200.0,600.0,1
1016,2023-05-20,Ropa,4,50.0,200.0,5
1017,2023-04-29,Alimentos,8,10.0,80.0,4
1018,2023-12-20,Ropa,2,50.0,100.0,12
1019,2023-04-10,Ropa,8,50.0,400.0,4
1020,2023-05-19,Juguetes,5,30.0,150.0,5
1021,2023-02-03,Electrónic,4,200.0,800.0,2
1022,2023-03-04,Ropa,5,50.0,250.0,3
1023,2023-11-12,Juguetes,7,30.0,210.0,11
1024,2023-05-22,Libros,7,20.0,140.0,5
1025,2023-11-19,Ropa,4,50.0,200.0,11
1026,2023-07-31,Alimentos,6,10.0,60.0,7
1027,2023-10-11,Ropa,6,50.0,300.0,10
1028,2023-12-09,Juguetes,4,30.0,120.0,12
1029,2023-03-06,Libros,9,20.0,180.0,3
1030,2023-03-27,Alimentos,1,10.0,10.0,3
1031,2023-04-23,Ropa,9,50.0,450.0,4
1032,2023-05-26,Electrónic,6,200.0,1200.0,5
1033,2023-01-20,Juguetes,5,30.0,150.0,1
1034,2023-03-22,Alimentos,9,10.0,90.0,3
1035,2023-02-26,Libros,9,20.0,180.0,2
1036,2023-07-30,Juguetes,1,30.0,30.0,7
1037,2023-11-18,Ropa,3,50.0,150.0,11
1038,2023-06-20,Libros,8,20.0,160.0,6
1039,2023-06-06,Libros,3,20.0,60.0,6
1040,2023-05-02,Alimentos,5,10.0,50.0,5
1041,2023-08-07,Electrónic,9,200.0,1800.0,8
1042,2023-11-18,Juguetes,8,30.0,240.0,11
1043,2023-01-17,Juguetes,8,30.0,240.0,1
1044,2023-10-10,Libros,6,20.0,120.0,10
1045,2023-09-11,Juguetes,10,30.0,300.0,9
1046,2023-01-03,Juguetes,10,30.0,300.0,1
1047,2023-11-07,Alimentos,3,10.0,30.0,11
1048,2023-08-20,Electrónic,6,200.0,1200.0,8
1049,2023-07-21,Juguetes,3,30.0,90.0,7
